,T_BRCA1_1,T_BRCA1_2,T_BRCA1_3,T_BRCA1_4,T_BRCA1_5,T_BRCA2_1,T_BRCA2_2,T_BRCA2_3,T_BRCA2_4,T_BRCA2_5,T_WT_1,T_WT_2,T_WT_3,T_WT_4,T_WT_5,T_WT_6,T_WT_7,T_WT_8,T_WT_9,T_WT_10
TP53,1,1,1,1,1,1,1,0,1,1,1,1,1,1,1,0,0,1,0,1
ATR,0,0,1,0,0,0,0,0,0,1,0,0,0,0,1,0,0,0,0,0
NF1,1,0,0,0,1,0,0,0,0,0,0,0,0,0,0,0,0,0,1,0
KEAP1,0,1,0,0,0,0,0,0,0,0,0,1,0,0,1,0,0,0,0,0
PDGFRB,0,0,0,0,0,0,0,0,0,0,0,1,0,0,0,0,0,0,0,1
CSMD3,0,0,0,0,0,1,1,0,0,0,0,0,0,0,0,0,0,0,0,0
TRIM24,0,0,0,1,0,0,0,1,0,0,0,0,0,0,0,0,0,0,0,0
FAT3,1,0,0,0,0,0,0,0,0,0,0,0,0,0,0,0,0,0,1,0
FLT4,0,0,0,0,0,1,0,0,0,0,0,1,0,0,0,0,0,0,0,0
ECT2L,0,0,0,0,0,1,1,0,0,0,0,0,0,0,0,0,0,0,0,0
MUC16,0,0,0,0,0,0,0,0,1,0,1,0,0,0,0,0,0,0,0,0
NOTCH1,1,0,0,0,1,0,0,0,0,0,0,0,0,0,0,0,0,0,0,0
KMT2D,0,0,0,1,0,0,0,0,0,1,0,0,0,0,0,0,0,0,0,0
LRP1B,0,0,0,0,0,1,0,0,0,0,0,0,0,0,0,0,0,0,0,1
NUP98,0,0,0,0,0,0,0,0,0,1,0,0,0,0,0,0,0,0,0,0
CLIP1,0,0,0,1,0,0,0,0,0,0,0,0,0,0,0,0,0,0,0,0
ELK4,0,0,0,1,0,0,0,0,0,0,0,0,0,0,0,0,0,0,0,0
CAMTA1,0,0,0,0,0,0,0,0,0,0,0,0,0,0,0,0,0,0,0,1
CSF1R,0,0,0,0,0,0,0,0,0,0,0,0,0,0,0,0,0,0,1,0
KTN1,0,0,1,0,0,0,0,0,0,0,0,0,0,0,0,0,0,0,0,0
PBX1,0,0,0,0,0,1,0,0,0,0,0,0,0,0,0,0,0,0,0,0
DCC,1,0,0,0,0,0,0,0,0,0,0,0,0,0,0,0,0,0,0,0
KAT7,0,0,0,0,0,0,1,0,0,0,0,0,0,0,0,0,0,0,0,0
SETD1B,0,0,0,0,0,0,0,0,0,0,1,0,0,0,0,0,0,0,0,0
HIF1A,0,0,0,0,0,0,0,0,0,1,0,0,0,0,0,0,0,0,0,0
CD209,0,0,0,0,0,0,0,0,0,0,0,0,0,0,1,0,0,0,0,0
EIF1AX,0,0,0,0,0,0,0,0,0,0,0,0,1,0,0,0,0,0,0,0
TRIM33,0,0,0,0,0,0,0,0,0,1,0,0,0,0,0,0,0,0,0,0
PCM1,0,0,0,0,1,0,0,0,0,0,0,0,0,0,0,0,0,0,0,0
POLG,0,0,0,0,0,0,0,0,0,0,1,0,0,0,0,0,0,0,0,0
PRDM16,0,0,0,0,0,0,0,0,0,0,0,0,0,0,1,0,0,0,0,0
A1CF,0,0,0,0,0,0,0,0,0,0,0,1,0,0,0,0,0,0,0,0
GRIN2A,0,0,0,0,0,0,0,0,0,0,0,1,0,0,0,0,0,0,0,0
JAK1,0,0,0,0,0,0,0,0,0,0,0,0,0,0,0,0,0,1,0,0
LMO2,0,0,0,0,1,0,0,0,0,0,0,0,0,0,0,0,0,0,0,0
PLCG1,0,0,0,0,0,0,1,0,0,0,0,0,0,0,0,0,0,0,0,0
ERG,0,0,0,0,0,0,0,0,0,1,0,0,0,0,0,0,0,0,0,0
ERBB4,0,0,0,0,0,0,0,0,0,0,0,0,0,0,0,0,0,0,1,0
CDK12,0,0,0,0,0,0,0,0,0,0,0,0,0,1,0,0,0,0,0,0
KLF4,0,0,0,0,0,0,0,0,0,0,0,1,0,0,0,0,0,0,0,0
N4BP2,0,0,0,0,0,0,0,0,0,0,0,0,0,0,0,0,0,0,0,1
BARD1,0,0,1,0,0,0,0,0,0,0,0,0,0,0,0,0,0,0,0,0
FUBP1,0,0,0,0,0,0,1,0,0,0,0,0,0,0,0,0,0,0,0,0
ATM,0,0,0,0,0,0,1,0,0,0,0,0,0,0,0,0,0,0,0,0
FANCC,0,0,0,0,0,1,0,0,0,0,0,0,0,0,0,0,0,0,0,0
MAP3K1,0,0,0,0,0,0,0,0,0,0,0,0,0,0,1,0,0,0,0,0
NUP214,0,0,0,0,0,0,0,0,0,1,0,0,0,0,0,0,0,0,0,0
FGFR4,0,0,0,0,0,0,0,0,0,0,1,0,0,0,0,0,0,0,0,0
SETD2,0,0,0,0,1,0,0,0,0,0,0,0,0,0,0,0,0,0,0,0
FBLN2,0,0,0,0,0,0,0,0,0,0,0,0,0,0,0,0,0,0,1,0
DAXX,0,0,0,0,0,1,0,0,0,0,0,0,0,0,0,0,0,0,0,0
GNAS,0,0,0,0,0,0,0,0,0,0,1,0,0,0,0,0,0,0,0,0
PMS2,0,0,0,0,0,0,0,0,1,0,0,0,0,0,0,0,0,0,0,0
NRAS,0,0,0,0,0,0,0,0,0,0,0,0,1,0,0,0,0,0,0,0
CDKN1B,0,0,0,0,1,0,0,0,0,0,0,0,0,0,0,0,0,0,0,0
HOXC11,0,0,0,0,0,0,0,0,0,0,0,0,0,0,0,0,0,1,0,0
SRGAP3,0,0,0,0,0,0,0,0,0,1,0,0,0,0,0,0,0,0,0,0
COL2A1,0,1,0,0,0,0,0,0,0,0,0,0,0,0,0,0,0,0,0,0
LEF1,0,0,0,0,0,0,0,0,1,0,0,0,0,0,0,0,0,0,0,0
MYH9,0,0,0,0,0,0,0,0,0,0,0,0,0,0,0,0,0,0,1,0
MACC1,0,0,1,0,0,0,0,0,0,0,0,0,0,0,0,0,0,0,0,0
FCRL4,0,0,0,0,1,0,0,0,0,0,0,0,0,0,0,0,0,0,0,0
BRCA1,0,0,0,0,0,0,0,0,0,0,0,0,0,0,0,0,0,1,0,0
WNK2,0,0,0,1,0,0,0,0,0,0,0,0,0,0,0,0,0,0,0,0
SEPT6,0,0,0,0,0,0,0,0,0,0,0,0,0,0,0,0,0,0,0,1
TBX3,0,1,0,0,0,0,0,0,0,0,0,0,0,0,0,0,0,0,0,0
BCORL1,0,0,0,0,0,0,0,0,0,0,0,1,0,0,0,0,0,0,0,0
SS18L1,0,0,0,0,0,0,0,0,0,0,0,0,0,0,0,0,0,1,0,0
ATRX,0,0,0,0,0,0,0,0,0,0,0,1,0,0,0,0,0,0,0,0
BCL2,0,0,0,0,0,0,0,0,0,1,0,0,0,0,0,0,0,0,0,0
MYB,0,0,0,0,0,0,0,0,0,0,0,0,0,0,0,0,0,0,0,1
POLE,0,0,0,0,0,0,1,0,0,0,0,0,0,0,0,0,0,0,0,0
LATS1,0,0,0,0,0,0,0,0,1,0,0,0,0,0,0,0,0,0,0,0
CNTNAP2,1,0,0,0,0,0,0,0,0,0,0,0,0,0,0,0,0,0,0,0
TNC,0,0,0,0,0,0,1,0,0,0,0,0,0,0,0,0,0,0,0,0
PTPRK,0,0,0,0,0,0,0,0,0,0,0,1,0,0,0,0,0,0,0,0
TFE3,0,0,0,0,0,0,0,0,0,0,0,0,0,1,0,0,0,0,0,0
GATA1,0,0,0,0,0,0,0,0,0,0,0,0,0,0,0,0,0,1,0,0
CACNA1D,0,0,0,0,0,0,0,0,0,0,1,0,0,0,0,0,0,0,0,0
EPS15,0,0,0,0,0,0,0,0,0,0,0,0,0,1,0,0,0,0,0,0
QKI,0,0,0,0,1,0,0,0,0,0,0,0,0,0,0,0,0,0,0,0
PRCC,0,0,0,0,0,0,0,0,0,0,0,0,0,0,1,0,0,0,0,0
NFE2L2,0,0,0,0,0,0,0,0,0,0,0,1,0,0,0,0,0,0,0,0
ARID1A,0,0,0,0,0,0,0,0,0,0,0,0,0,0,0,0,0,0,1,0
WIF1,0,1,0,0,0,0,0,0,0,0,0,0,0,0,0,0,0,0,0,0
ZFHX3,0,0,0,0,1,0,0,0,0,0,0,0,0,0,0,0,0,0,0,0
MTOR,0,0,0,0,0,0,0,0,0,0,1,0,0,0,0,0,0,0,0,0
EP300,0,0,0,0,0,0,0,0,0,1,0,0,0,0,0,0,0,0,0,0
TRRAP,0,0,0,0,0,0,0,0,0,0,0,0,0,0,0,0,0,1,0,0
STRN,0,0,0,0,0,0,0,0,0,0,0,0,0,1,0,0,0,0,0,0
CCR4,0,0,0,0,0,0,1,0,0,0,0,0,0,0,0,0,0,0,0,0
CDH17,0,0,0,0,0,1,0,0,0,0,0,0,0,0,0,0,0,0,0,0
MALT1,1,0,0,0,0,0,0,0,0,0,0,0,0,0,0,0,0,0,0,0
KMT2C,0,1,0,0,0,0,0,0,0,0,0,0,0,0,0,0,0,0,0,0
KDM5C,0,1,0,0,0,0,0,0,0,0,0,0,0,0,0,0,0,0,0,0
PABPC1,0,0,0,0,0,0,0,0,1,0,0,0,0,0,0,0,0,0,0,0
NBEA,0,0,0,0,1,0,0,0,0,0,0,0,0,0,0,0,0,0,0,0
ETV4,0,0,0,0,0,0,0,0,0,0,0,0,0,1,0,0,0,0,0,0
ETV6,0,0,1,0,0,0,0,0,0,0,0,0,0,0,0,0,0,0,0,0
PML,0,1,0,0,0,0,0,0,0,0,0,0,0,0,0,0,0,0,0,0
GLI1,0,0,0,0,0,0,0,0,0,0,0,0,0,0,0,0,0,0,1,0
